/person/artist/director	chaplin	tim	brecht	breck	schwartz	sunil	andy_warhol	spielberg	perlman	carey	cheung	jack_hannah	eddie	peter_horton	chabrol	robert_redford	ken_bruce	tom_cruise	madonna	agee	mj	beckett	janet	khan	geraldo	midler	joanne_woodward	howard_stringer	pat	justin_lin	irv	springsteen	sinatra	glaser	gwyneth_paltrow	starr	linda	kamal	byrne	kevin_dunn	cosby	jm_barrie	whitford	boyd	murakami	bruce	cornel_wilde	vince	michael_moore	robert_moore	brooks	dreyer	fellini	altman	allen	jackie_mason	drew	charlton_heston	barrie	ritchie	michael_jackson	lopez	mcduffie	duvall	warhol	myers	bob_fosse	walt	redford	robert_loggia	janet_jackson	michael	kurzweil	guy_ritchie	laurie	peter_stein	gould	dylan	craig_nelson	pereira	lee_daniels
/location/transit	norfolk_southern	road_trip	brooklyn_bridge	market_street	pocahontas_parkway	colorado_boulevard	provincial_highway	53rd_street	dulles_toll_road	fourth_ring_road	third_ring_road	second_ring_road	main_street	fleet_street	perimeter_highway	new_jersey_turnpike_authority	golden_gate_bridge	west_gate	interstate	park_avenue	west_street	main_streets	high_level	pennsylvania_avenue	new_jersey_turnpike	sixth_avenue	downing_street	burma_road	nimitz_freeway	seventh_avenue	road_trips	cobb_parkway	southern_beltway	gorky_street
/location/country	pakistan	finland	england	prc	kosovo	egypt	roc	lebanon	west_german	north_korea	poland	yugoslavia	yemeni	colombia	japan	hungary	taiwan	nicaragua	soviets	afghan	canada	afghanistan	qatar	america	italy	bangladesh	northern_ireland	judah	kuwait	soviet_union	mexico	north_korean	france	iraqi	costa_rica	venezuela	bosnia-herzegovina	brazil	australia	iran	swiss	singapore	lebanese	serbia	new_zealand	palestinian_territories	hong_kong	china	macau	east_german	assyria	thailand	haiti	iraq	yugoslav	south_korea	east_germany	kyrgyzstan	netherlands	holland	libya	malaysia	iraqis	philippines	east_germans	macedonia	qatari	namibia	portugal	switzerland	jordan	yemen	soviet	russia	taipei
/other/supernatural	triton	jehovah	shams	gods	indra	hades	jesus	holy_spirit	krsna	asherah	yhwh	the_holy_spirit	jesus_christ	the_father	moloch	devil	christ	dagon	decay	muses	god	sul	guanyin	panacea	satan	lord_god	five_emperors	athena	the_lord	serapis	zeus	sun_god	agni	evil	charon	frey	nika	erebus	savior	holy_father	earth_god	arjuna	hermes	spirit	elohim	hadad	odin	usha	purusha	amon	nergal	seth	yahweh	artemis	thor	hanuman	janus	mabon	nereus	kitchen_god	rama	enki
/location/transit/bridge	brooklyn_bridge	golden_gate_bridge
/organization/music	la_familia	zilch	the_weeds	the_remains	the_enemy	the_sick	hidden_hand	tad	positive_black_soul	beatles	havoc	the_features	kwan	solace	the_foundations	sparks	imminent	the_move	the_servants	ashley_olsen	scorn	the_start	the_locals	stooges	the_scientists	hinder	lrb	main_source	fixx	no-man	june	sugar_hill_gang	inner-city	santana	the_angels	no_doubt	olsen_twins	hurts	the_soldiers	knack	the_association	crass	seventh_angel	midnight_oil	the_seeds	spoon	wiggle	god_forbid	the_sound	the_animals	the_ocean	osmond	ventures	kara	gush	the_cows	mae	the_root	living_sacrifice
/other/event/accident	lockerbie_bombing	president_george_bush	simple	butcher	gypsy	plane_crash	deacons	1988_lockerbie_bombing	italy	kidnapped	sticky_fingers
/location/structure/sports_facility	franklin_field	yankee_stadium	tokyo_dome	candlestick_park	rose_bowl	cakes	camden_yards	carisbrook	soldier_field	wrigley_field	turner_field	rca_dome	national_stadium	tech_field
/other/art/broadcast	family_ties	this_week	the_agency	the_office	the_classes	big_day	larry_king_live	hard_copy	martine	monday_night_football	good_times	meet_the_press	the_commander	fresh_air	thirty-nine	smart_guy	jay_leno	sunday_night	sixty_minutes	the_daily_show	american_morning	baker_boys	the_practice	hardball	this_old_house	murphy_brown	the_classroom	cnn_tonight	6_degrees	the_view	good_friend	the_royal	doha_debates	the_bill	true_life	apprentice	saturday_night_live	a_current_affair	48_hours	60_minutes	real_people	the_cosby_show	heats	the_brothers	the_tribe	bright_light	the_unit
/other/product/computer	playstation	pc	macs	ibm	macintosh_plus	pcs	macintosh_se	mac	tandy_trs-80	nintendo_entertainment_system	personal_computers	personal_computer	macintosh	guidance_computer	ps2	ps3	psp	playstation_2	mbp	macbook	xbox_360
/other/language/programming_language	xml	basics	lisp	javascript	python	fortran	tcl
/other/art/film	big_fan	casablanca	cinema	julie	the_mask	the_spirit	heavy_traffic	motion_pictures	terminator	madame_mim	game_plan	the_verdict	televised	filmmakers	city_lights	nova	shane	the_proposal	gump	star_wars	they_live	the_boy	the_fabulous_baker_boys	small_fry	wrong_turn	cinematic	filmmaker	unstoppable	ghostbusters	inception	the_natural	sally	fever_pitch	the_servant	running_scared	the_accused	slither	aks	buddies	raising_arizona	the_debt	tangled	serenity	in_america	hoodwinked	kill_bills
/other/product/weapon	cruise_missiles	stingers	rifles	lance	jian	universal_carrier	swords	surface-to-surface_missiles	artillery	mine	javelin	pistols	katyusha	ax	machete	missile	catapult	sling	axes	machetes	revolver	shotguns	sword	military_vehicle	torpedo	pistol	spears	guns	knife	hand_gun	battering_ram	land_mines	clubbed	cannon	landmine	combat_vehicles	baton	mace	barrage	petard	tank_killer	rifle	howitzers	gunners	handgun	spear	shrapnel	weapon	blade	surface-to-surface_missile	gun	armored_car	knives	axe	heavy_artillery
/other	yen	money	dollar	human	skin	talks	decade	ads	destroyer	rose	improvement	window	black	philistines	real	coffee	premium	finance	de	trees	early	bread	meat	pounds	clothes	jews	people	series	humans	rmb	go	result	advertisers	insurance	even	material	blacks	bottom	won	overseas_chinese	frank	commercial	huang	eye	post	voice	dollars	fruit	grain	advertising	jesus	total	boat	us_dollars	heads	submarine	tea	final	today	eyes	jewish	baptized	child	spirit	raising	fly	pali	animals	originally	tree	apples	dispute	heart	pound	ad	cents	arabs	bones	philistine	arm	sterling	literature	muslims	mouth	blood	coming	hair	yuan	sides	mortgage	holy_spirit	non-jewish	hearts	counted	wine
/other/event/election	forthcoming_elections	presidential_elections	previous_election	recounts	u.s._elections	midterm_elections	nationwide_elections	election	successive	2000_race	early_general_election	fiasco	federal_elections	knesset_elections	nationwide_local_elections	controversial_presidential_election	june_election	presidential_election	american_election	special_election	presidential_campaign	2000_election	midterm_election	2004_election	1980_presidential_campaign	upcoming_presidential_election	local_elections	upcoming_election	california_assembly	assembly	successful	us_presidential_election	early_elections	the_election	february_election	palestinian_elections	electoral_defeat	recount	1980_election	congressional_elections	forthcoming_election	parliamentary_elections	defeats	house_elections	legislative_elections	the_elections	previous_elections	2000_presidential_election	subsequent_election	february_elections	june_elections	primary_campaign	israeli_election
/location/geography/mountain	zijin_mountain	sierra_nevada_mountains	mount_fuji	everest	grand_tetons	goat_rocks	yushan	areopagus	mount_carmel	holy_mountain	sharp_edge	canadian_rockies	taihang_mountain	taihang	fuji	western_hills	rocky	zagros_mountains	himalayas	andes	apennines	himalaya_mountains	tambora
/organization/military	armed_forces	american_soldiers	special_forces	nva	national_guard	al_queda	russian_navy	german_army	us_military	iraqi_forces	navy	air_force	united_states_military	us_military_forces	fbi	israeli_army	al-qaida	red_army	al_qaeda	troops	army	iraqi_troops	hezbollah	task_forces	3rd_cavalry	indonesian_military	forces	iraqi_military	101st_airborne_division	japanese_army	brigade	iraqi_police	military_personnel	new_fourth_army	us_forces	islamic_jihad	ltte	eighth_route_army	task_force	israeli_military	brigades	us_troops	pla	military_branches	hamas	iraqi_security_forces	al-qaeda	3rd_infantry	cia	u.s._military	multinational_forces	iraqi_armed_forces	air	japanese_military	republican_guard	militia	troop	marines	garrison	israeli_police	iraqi_army
/other/art/stage	42nd_street	godot	supervisory_boards	the_telephone	the_trial	pied_piper	the_representative	hamlets	coniferous_forests	othello	peter_pans	show_boat	hamlet
/location/geograpy/island	chishima_islands	grenadines	kuril_islands	virgin_islands	ireland
/location/city	houston	dalian	san_francisco	chengdu	belgrade	riyadh	cairo	washington	zhuhai	nanjing	hebron	london	cleveland	jerusalem	seoul	gonzalez	kabul	seattle	belfast	macau	chicago	tianjin	oklahoma	shanghai	denver	richmond	damascus	new_orleans	boston	jiujiang	ramallah	dongguan	dallas	toronto	bethel	shantou	kaohsiung	geneva	trelleborg	pittsburgh	moscow	guangzhou	bonn	baghdad	havana	los_angeles	antioch	bartlett	jackson	atlanta	rochester	continued	brussels	chongqing	new_york	hong_kong	xiamen	miami	haikou	detroit	beijing	beth_shemesh	tangshan	stockholm	ekron	aden	taipei_city	baltimore	hastings
/other/scientific	benzene	polypropylene	cigs	thinner	gold	copper	hemoglobin	liquor	oil_company	al	cobalt	titanium	urethane	dopamine	cocaine	speed	ammonium_perchlorate	blow	crude_oil	cadmium	dna	alcohol	lead	factors	rounding	hydrogen	stemming	petroleum	tin	prop	glauber	chromosome_17	foam_rubber	carbon_monoxide	molecules	sulfur	lithium	des	o2	boron	ta	pul	mercury	oil	nickel	blister_agents	ni	propane	edge	molecule	chitin	interpolate	alar	genetic_material	oil_production	ethylene	shared	carbon	ala	silver	chlorine	p53	kevlar	polyethylene	vitriol	aluminum	oxygen	amyloid	azt	vitriolic	pu	argon	platinum	silicon	reversible	insulin	iron	cholesterol	antibody	plutonium	methane
/other/event/violent_conflict	international_operations	insurgency	world_war_ii	resistance	crusade	advancing	ww_ii	battleground	frontline	bombing	wwii	gulf_war	faltered	vietnam_war	casualties	iraq_war	clashes	korean_war	attack	bombings	second_world_war	crackdown	destruction	invade	hundred_regiments_offensive	wars	bombed	landed	invasion	surrender	1967_war	forty-five	cold_war	february	civil_war	attacks	peace_process	world_war	war	participating	uss_cole	genocide	world_war_two	defeat	attacking
/other/health	blind	harm	illness	mental	cancer	tired	fears	circumcised	crazy	dead	sad	high	born	diabetics	kill	paralyzed	sight	pregnancy	operation	fear	depression	tore	damaged	fits	thirsty	drunk	nervous	nightmare	torn	wound	damage	thirst	injuries	anger	drank	infected	regurgitate	fatal	excited	painful	pain	shocked	drugs	wounds	killing	mad	broke	confused	hurt	killed	vaccine	cold	anxiety	comfort	depressed	boring	clear	flu	drug	anxious	sadness	wounded	operate	massage
/location/structure/hotel	caesars_world	waldorf_astoria_hotel	excalibur	tropicana	the_mirage	caesars_palace	marriott_hotel	palestine_hotel	flamingo_hilton	golden_nugget	secret_garden	mirage	wynn	mark_hopkins_hotel	savoy_hotel
/person/artist/actor	carrot_top	burt_sugarman	linda_hamilton	david_williams	dan_abrams	monica_lewinsky
/other/health/treatment	operations	copper	medication	circumcised	strain	surgical	supplement	lasers	operation	cocaine	surgery	revived	feeding	dialysis	transfer	excised	radiation	revive	antiviral	medicine	implant	breast_feeding	pill	reviving	nutrition	drugs	transfusion	infusion	massages	circumcision	medications	vaccine	recreation	opium	medicines	drug	abortion_pill	reconstructing	insulin	cessation	gene	azt	massage
/other/product	uniforms	shirt	laptop	license_plate	shirts	violin	table	ship	disk	clothing	monitors	boat	bags	monitor	destroyer	warship	trumpet	submarine	window	book	sword	memory	boats	plates	robe	hat	hats	t-shirts	bells	insurance_company	promote	jewelry	drum	trucks	windows	coat	cap	pulp	mortgages	coal	carrier	truck	dvd	apparel	ferry	tanker	license_plates	clothes
/other/health/malady	blind	harm	illness	cancer	tired	exhausted	crazy	dead	sad	anger	stroke	diabetics	plagued	sight	pregnancy	fear	mental_illness	cold	depression	tore	tumor	damaged	mood	nervous	nightmare	wound	damage	thirst	injuries	colon_cancer	infected	stiff	fatal	thirsty	aggressive	starving	fever	pain	shocked	mad	wounds	killing	cutting	alzheimer	parkinson	broke	confused	hurt	killed	diabetes	anxiety	heart_attack	depressed	shock	flu	anxious	sadness	lung_cancer	smashed	wounded	paralyzed
/organization/company	ford	merrill	voa	rtc	american_telephone_&_telegraph	general_electric	manufacturers_hanover	wal-mart	ge	sony	gm	merc	mobil	fidelity	federal_express	firestone	lockheed	aeroflot	de_beers	phillips	bell	amoco	american_airlines	freddie_mac	westinghouse	enron	ltv	amr	merrill_lynch	deloitte	campeau	lilly	first_boston	general_motors	manville	lexus	rjr	mci	goldman	faw	akzo	citicorp	procter_&_gamble	grumman	fannie_mae	whitbread	party	ogilvy	chicago_mercantile_exchange	bankers_trust	mitsubishi	merrill_lynch_capital_markets	daewoo	bloomingdale	drexel_burnham_lambert	ingersoll	exxon	allianz	ibm	philip_morris	boeing	young_&_rubicam	nissan	toyota	unilever	aetna	axa	kkr	chrysler	mtm	coors
/person/religious_leader	joshua	thomistic	husain	ali	mohammed	moussa	annas	ezekiel	abimelech	king_david	pope_john_paul_ii	simon_peter	elisha	balaam	paul	peter	muhammad_baqir_al-hakim	mohamed	saint_alexander	ayatollah_khomeini	cephas	simon	huldah	daisaku_ikeda	hussein	linus	pauline	aristobulus	zechariah	eleazar	laurence	aaron	buddha	ikeda	caiaphas	obadiah	isaac	moses	john	mosaic	deborah	yahya	baba	john_paul_ii	israel	samuel	nabi	muni	saint_paul	silas	ibrahim	bonaventure	hussain	jonah	prophet_mohamed	elijah	jeremiah	jacob	the_prophet	saint_augustine	isaiah	pope_john_paul	barnabas	buddhas	nathan	prophet	joel	khomeini	muhammad	david	hasan	hosea	zadok	apostle	amos	gregory	abraham	saul
/location/park	central_park	golden_gate_park	palisades_park	ocean_park	coniferous_forests	disneyland
/location/structure/government	supreme	florida_supreme_court	outstanding	cftc	united_states	commerce_department	federal_court	treasury_department	israeli_foreign_minister	us	the_british	united_kingdom	fbi	syrian	justice_department	labor_department	fed	america	court	usa	the_treasury	tax_court	xinhua_news_agency	agriculture_department	federal_reserve_bank	supreme_court	high_court	lubyanka	hud	the_fed	foreign_ministry	federal_judge	confirmed	the_us	federal_housing_administration	federal_appeals_court	the_police	pwa	the_federal_reserve	environmental_protection_agency	cia	organization	the_united_states	fha	british	un_war_crimes_tribunal	war_crimes_tribunal	uk	syria	federal_reserve_board	international_war_crimes_tribunal	epa
/person/artist/music	zuckerman	charlie_mariano	leonard_slatkin	joe_plummer	peter_lang	michael_anthony	lucinda_childs	michael_jackson
/other/product/software	outlook	flash	unix	linux	exchange	power_dvd	vista	cool_edit	excel	emacs	dwg	bbs	power_point	telnet	windows_xp	tested	outlook_express	word	mobile	cell_phones	django	itunes	rival_schools	dark_cloud	aftereffects
/other/heritage	indigenous_people	jews	black_people	nikkei	arabs	gentile	persian	goldberg	black_americans	palestinian_people	serbs	palestinian	aborigines	hittites	african-americans	gitano	chinese_emigrants	philistine	hmong	kurds	caucasian	philistines	yi	overseas_chinese	persians	jewish	dan	mainlanders	cuban-american	dai	alan	arab	hispanics	aboriginal	iranians	hittite	kurdish	blacks	african-american	albanian	iranian	indigenous_peoples	chinese_overseas	jewish_people	hindus	serb	palestinians	arab_people	natives
/other/living_thing	perch	flies	henna	snakes	people	insects	fish	humans	cypress_forests	seals	bear	human	cattle	cows	gorillas	erica	birds	creatures	sheep	horse	cedars	bacterium	rose	hundred-pace_vipers	elephants	yellow_cypress	bacteria	forestry	cats	lions	mice	animal	elephant	wolf	kid	cypresses	bird	attachment	horses	plants	plant	hazel	wheat	dogs	oak_tree	hundred-pace_viper	mei	trees	beast	ferret	pigs	false_cypress	snake	human_beings	flea	salmonella	tick	algae	cypress_trees	man	fly	fleas	kids	animals	hinoki	archaeopteryx	cedar_trees	thorn	dog	tree	virus	cat	dinosaur	person	palm_trees	false_cypresses	teeth	donkeys	bleak	bamboo	mankind
/organization/transit	norfolk_southern	subway_station	amtrak	omnibus	orient_express	nsb	bay_area_rapid_transit_system	bay_area_rapid_transit	metrorail	new_york_city_subways	new_york_subway_system	o'hare_international_airport	taipei_rapid_transit_system	o'hare_airport
/person/doctor	medical_director	al-razi	bill_frist	everett_koop	sun_yat-sen
/location/structure	federal_reserve	cabinet_room	the_pentagon	capitol	palace	world_trade_center	guantanamo	station	summer_palace	mansion_house	great_wall	buckingham_palace	condos	taipei_zoo	yasukuni_shrine	cnn_center	berlin_wall	hiding_place	railway_station	national_palace_museum	train_station	the_national_museum	karnak	camp_zeist	condo	astronomical_observatory	bletchley_park_museum	medical_center	bletchley_park	great_hall	holy_place	columbus_zoo	chamber	condominium	zhongnanhai	white_house	millennium_dome
/other/religion	protestants	catholic_church	buddhist	jewish_religion	shinto	sufi	zoroastrians	sunni_muslim	daoist	parochial	quakers	puritans	church	hasidic_jews	creationism	jains	catholic	puritanical	jew	shiites	acceptance	moslem	shakta	christianity	huguenot	buddhism	theists	baptizing	islam	confucian	secular	sunnis	moslems	shiite	catholics	evangelist	shia	christian	jewish	free_spirit	mormon	muslim	monotheism	muslims	baptize	baptized	christianized	sunni	protestant_theology	occult	ultra-orthodox	judaism	islamic	atheist	scientology	muslim_countries	roman_catholic_church	baptists	baptism	ultra_orthodox	shiite_muslims
/other/art	films	guadalupe	scripture	scriptures	film
/location/geography/body_of_water	mediterranean_sea	jordan_valley	baltic_sea	south_china_sea	huai_river	black_sea	strait	mediterranean	euphrates	north_sea	pacific_ocean	sea	arabian_gulf	snohomish_river	pacific	kunming_lake	bay_area	southern_pacific_ocean	big_bear	gulf	jordan_river	lake_superior	san_francisco_bay	hudson	james_river	changjiang	atlantic_ocean	kishon	dead_sea	yellow_river	persian_gulf	nith	yangtze_river	panama_canal	chesapeake_bay	black_canyon	british_channel	mackenzie_delta	lakes	falls	barents_sea	atlantic	beijing-hangzhou_grand_canal	the_pacific	cuyahoga_river	grand_canal	euphrates_river	taiwan_strait	godavari_river	indian_ocean	adriatic_sea	minjiang_river	red_sea	suez_canal	straits	mackenzie_river_delta	saddle_river	triveni_sangam	lake_michigan	colorado_river	yangtze	orange_river	victoria_harbor
/location/structure/hospital	emergency_rooms	mayo_clinic	beth_israel_hospital	letterman_army_medical_center	naval_hospital	physical_therapist	mayo_hospital	military_hospitals	parkland_memorial_hospital	walter_reed_hospital	hospital
/other/art/writing	writings	the_report	paper	strategic_review	the_bible	fortune_magazine	bible	new_york_times	business_week	le_point	the_week	washington_post	playboy	the_wall_street_journal	harry_potter	vanity_fair	spiegel	declaration	report	articles	the_law	fortune	psalms	science	written_law	national_lampoon
/organization/sports_team	the_reds	mets	sydney_city	colorado_avalanche	los_angeles_dodgers	manchester_united	al-hilal	lomas	sox	toronto_blue_jays	broncos	saudi_team	knicks	werder_bremen	detroit_red_wings	cleveland_cavaliers	nacional	chicago_cubs	expansion_team	san_francisco_giants	arizona_cardinals	valencia	orioles	soccer	al_hilal	steelers	saudi_arabia_national_team	white_sox	cavaliers	blue_jays	reds	al-nasr	red_sox	baltimore_orioles	national_team	colts	cincinnati_reds	packers	the_mariners	saudi_national_team	iraqi_team	australian_team	football_federation	braves	lazio	chinese_team	ferro	49ers	oakland_athletics	thrashers	kazakhstani_team	yankees	pittsburgh_penguins	beijing_team	tokyo_giants
/other/sports_and_leisure	poker	dice	roulette	ringer	domino	blackmoor	blackjack	boggle	chess
/location/structure/theater	broadway	radio_city_music_hall	hartford_stage
/other/product/mobile_phone	n95
/location/transit/road	u.s._76	interstate_880	rue_saint-denis	market_street	interstate_64	pocahontas_parkway	highway_101	colorado_boulevard	provincial_highway	highway_7	53rd_street	dulles_toll_road	fourth_ring_road	third_ring_road	hatton_garden	aye	second_ring_road	fleet_street	perimeter_highway	park_avenue	nimitz_freeway	us_460	interstate_295	route_7	pennsylvania_avenue	new_jersey_turnpike	west_street	sixth_avenue	downing_street	us_1	u.s._460	burma_road	interstate_30	seventh_avenue	route_80	the_parade	cobb_parkway	southern_beltway	highway_17	gorky_street
/other/event/natural_disaster	wenchuan_earthquake	big_earthquake	disaster	huge_earthquake	katrina	powerful_earthquake	great_earthquake	uss_cole	hugo	sichuan_earthquake	hurricane_katrina	devastating_earthquake	1971_san_fernando_earthquake	pakistan_earthquake	1906_earthquake	1906_quake	a_jew	hurricanes	hurricane_jerry	earthquake	massive_earthquake	hurricane_rita	armenian_earthquake	great_hanshin_earthquake	hurricane_hugo	flu_pandemic	1976_tangshan_earthquake	hurricane_isabel	tangshan_earthquake
/other/body_part	skeleton	brain	stem_cell	chests	thigh	arteries	thumb	central_nervous_system	guts	throats	knob	joint	breast	hands	foot	artery	veins	bone	ears	skin	hair	skulls	arm	knees	mouths	bottom	fingers	vessels	cell	finger	womb	ass	sympathetic	toes	leg	nails	stem	eye	pancreas	wrist	tongue	lung	skeletons	willy	heads	arms	toe	eyes	muscles	stomach	brains	blood_vessels	liver	butt	ear	intestines	nail	skull	cells	smooth	neurons	elbow	cheeks	torso	heart	joints	tissues	head	throat	tissue	bones	organs	kidney	chest	belly	elbows	wrists	glands	backbone	breasts	mouth	knee	vein	neck	cheek	hearts	muscle	hips
/organization	ferc	tong	opec	democrats	big_board	mafia	development_zone	shearson	politburo	palestinian_police	pharisees	apec	oas	international_monetary_fund	central_command	mahdi_army	national_cancer_institute	the_fellowship	taliban	world_food_program	anonymous	central_committee	mob	solidarity	democratic_opposition	chinese_red_cross	government_national_mortgage_association	socialism	sadducees	ginnie_mae	tass
/other/award	grammy	pulitzer_prizes	nobel_committee	nobel_prize	academy	national_awards	nobel_laureate	pulitzer_prize-winning	pulitzer_prize	novello	national_book_award	cleo_award	oscar	the_brits	nobel	nobel_lecture	golden_globes	pulitzer
/organization/education	english_lit	soochow_university	hangzhou_university	chinese_culture_university	glenbrook_north_high_school	brookings_institute	stamford_school	graduate_school	the_university	academia_sinica	sloan_school	tamkang_university	takushoku_university	brophy	juilliard	beijing_university	taiwan_university	brookings	national_sun_yat-sen_university	brookings_institution	chiao_tung_university	brown	nih	george_mason_university	new_trier_high_school	ohio_state_university	assumption_university	ntu	baghdad_university	harvard	drexel	berkeley	oxford	tufts	national_taiwan_university	stanford	zhejiang_university	chapman	party_school	national_chengchi_university	woodrow_wilson_school	yale	eee	national_taiwan_normal_university
/other/event/protest	iranian_revolution	1911_revolution	communist_revolution	people_power	protests	intifada	agitation	marching	mexican_revolution	american_revolutionaries	american_revolution	february_28_incident	may_fourth_movement	popular_revolt	french_revolution	ousted	pro-democracy_movement	islamic_revolution	anti-government_protests
/location/transit/railway	norfolk_southern	dugdale
/person/artist/author	bataille	david_broder	bob_shrum	chiung_yao	finkelstein	einstein	tookie_williams	bo_yang	shaffer	salinger	hubbard	charles_darwin	georges_bataille	virgil	shakespeare	dickens	darwin	frank_lloyd_wright	martha_stewart	gorky	friedman	skinner	rawls	harriet	herodotus
/location/celestial	atmosphere	martian	jupiter	earth	europa	sunrise	earths	castor	sun	lyra	moon	virgo	red_planet	lunar	moons	cetus	the_sun	great_red_spot	solar_system	outer_solar_system	mars	leo	crux	solar	saturn	solar_systems	comet_mcnaught	neptune	corona	venus	star	procyon
/person/coach	roger_craig	john_barnes	wayne_smith	larry_bowa	tony_adams	diego_maradona	lefty_driesell	terry_francona	mike_sherman	frank_buckley	houston_nutt	ron_meyer	matt_williams	walt_weiss	lane_kiffin	belichick	pat_fitzgerald	maradona	patrick_roy	yogi_berra	dusty_baker	lombardi	boudreau	scott_linehan	bobby_valentine
/other/event/sports_event	chicago_marathon	berlin_olympic_games	1984_summer_olympics	seoul_olympics	1988_summer_games	1992_winter_games	1988_winter_games	new_york_city_marathon	beijing_olympic_games	2000_sydney_paralympics	olympic_winter_games	1984_summer_games	cincinnati_masters	1972_olympics	paralympics	olympics	winter_games	1992_summer_games	1988_seoul_olympics	beijing_olympics
/organization/political_party	ccp	janata_dal	dawa_party	pasok	democratic_alliance	likud_party	african_national_congress	hungarian_communist_party	pri	the_socialist_party	hamas	christian_democratic_union	chinese_communists	baath	sandinistas	the_party	popular_party	baath_party	institutional_revolutionary_party	communists	green_party	hezbollah	fateh	new_party	independent_candidates	kmt	anc	communist_party	schweizerische_volkspartei	people_first_party	adn	swapo	liberal	soviet_communist_party	labor_party	gop	fatah	hizbullah	the_republicans	socialist_party	center_party	left_party	chinese_communist_party	republicans	uup	pfp	mmm	democratic_party	baathist	national_union	alliance	republican	new_democracy_party	national_action_party	new_democracy	npd	east_german_communist_party	kach	greens	dpp	national_democratic_party	pan_africanist_congress	cpc	democratic_progressive_party	democrat	sandinista	likud	ldp	chinese_communist	radical_change	future_movement	nepali_congress_party	democratic	house_democrats	democrats
/person/political_figure	tariq_aziz	arafat	rick_lazio	shevardnadze	akayev	ma_ying-jeou	fujimori	king_hezekiah	jehoshaphat	eliakim	chen_shui-bian	egon_krenz	agrippa	abdullah	nabih_berri	olmert	bush	chalabi	koizumi	siniora	ehud_barak	nicholas_brady	king_josiah	talabani	putin	anwar	al-maliki	saddam	zedekiah	rehoboam	thornburgh	jehoiakim	king_agrippa	hua_guofeng	josiah	wen_jiabao	igor_ivanov	jotham	abd_al-rahman	solomon	qin_shi_huang	yasser_arafat	president_chen	saddam_hussein	junichiro_koizumi	li_yan
/other/event	watergate	renaissance	black_monday	perestroika	election	world_cup	glasnost	world_war_ii	attack	presidential_election	modernization	olympics	christmas	medieval	baby_boomers	world_series	shang	scrutiny	middle_age	unification	destruction	cold_war	passover	attacks	apartheid	new_year	hurricane_hugo	cultural_revolution	incidents	schiavo
/location/structure/restaurant	the_keg	golden_arches	seven_eleven	hooters	dominos	pizza_hut	kfc	starbucks	beef_stock	burger_king	big_boy	kentucky_fried_chicken	taco_bell	mcdonalds	subway
/organization/sports_league	fifa	major_league_baseball	nfl	ivy_league	american_league	national_league	nascar	us_olympic_committee	afl	american_league_eastern_division	nba	world_league	champions_league	national_football_league	southwest_conference	wusa	afc	nhl	big_league	pga_tour	international_league	national_ice_hockey_league	wha	hockey_league	national_association	united_states_football_league	big_leagues	ivies	national_basketball_association	mlb	major_league	big_ten	ncaa	college_basketball	super_league	college_sports	soccer_federation	major_leaguer	uefa
/other/currency	us_dollar	rand	ruble	coins	u.s._dollars	yen	shillings	money	dollar	soviet_ruble	rmb	japanese_yen	japanese_money	pound	british_currency	west_german_mark	u.s._dollar	kuai	swiss_francs	canadian_currency	currency	us_dollars	usd	funding	australian_dollars	quid	guilders	nt_dollar	taler	silver_coins	cent	mark	rub	rubles	german_marks	deutsche_mark	pennies	japanese_currency	francs	lira	lire	swiss_franc	fiscal	egyptian_pounds	canadian_dollars	u.s._counterpart	marks	british_pound	nt_dollars	kronor	yuan	ntd	renminbi	euro	cents	shekel	common_currency	german_mark	pounds	dollars	european_currency	pence	u.s._currency	american_dollars	shekels	hong_kong_dollar
/location/geography/island	patmos	achaia	irish	britains	chios	lantau_island	sal	diego_garcia	sicily	vis	britain	samos	luzon	sakhalin	sicilian	jawa	hong_kong_island	java	samothrace	molokai	sumatra	ireland	bougainville	costa_rica	hoy	matagorda_island	long_island	bali	ellis_island	tahitian	sardinia	flores	key_largo	chek_lap_kok	zealand	tarawa	cos	futuna	spratley_islands	great_britain	spratly_islands	ibiza	kauai	epi	maui	great_britian	mackinac_island	sakhalin_island	green_island
/other/art/music	beautiful	the_sign	great_mass	war_pigs	tin_drum	lose_control	apologize	get_ready	everybody	i_refuse	manic_monday	depending	anthem	before_i_forget	eyes_open	happy_birthday	driving_rain	one_night	unanswered_question	national_anthem	black_velvet	even_worse	dear_friends	human_touch	untouched	soviet_anthem	imagine	endlessly	under_pressure	russian_national_anthem	nevermind	i_swear	american_life	everytime	big_spender	4_minutes	the_catalyst	big_time	500_miles	these_days	gloria
/organization/stock_exchange	saudi_stock_market	wall_street	shenzhen_stock_exchange	american_stock_exchange	ruckus	pacific_stock_exchange	hong_kong_stock_market	stock_market	nasdaq	trading_desks	toronto_stock_exchange	big_board	nyse	stock_exchange	new_york_stock_exchange	pacific_exchange	chicago_board_options_exchange	u.s._stock_market	singapore_exchange	kuala_lumpur_stock_exchange	tokyo_stock_exchange	london_stock_exchange	trading_hall	frankfurt_stock_exchange	trading_room	amex	hong_kong_stock_exchange	trading_rooms	milan_stock_exchange	philadelphia_stock_exchange	midwest_stock_exchange	stock_exchanges
/person/title	ambassador	attorney	chief_executive_officer	doctor	producer	senior_vice_president	executive	major	commander	manager	officials	experts	lawyer	commanded	soldiers	captain	mayor	member	judges	prime_minister	investors	expert	chief_executive	god	premier	officers	traders	prophets	master	chairman	managers	scientists	command	lawmakers	analysts	head	israeli_prime_minister	lawyers	journalists	reporter	critics	directors	director	doctors	minister	student	reporters	judge	prosecutors	general	senior	king	attorneys	professor	official	governor	vice_president	chief	students	officer	president	executives	investigators
/person/athlete	mallory	sammy_sosa	will_clark	tony_george	kasparov	donald_lee	ferreira	goaltender	sosa	dave_stewart	maloney	o'neill	david_starr	jamarcus_russell	goaltenders	ortiz	ben_johnson	jarno_trulli	massa	palmeiro	flintoff	rafael_palmeiro	nasri	mustain	andy_murray	bobby_thomson	terry	bob_clarke	iverson	heikki_kovalainen	rogie_vachon	snedeker	gary_neville	vieira	brad_johnson	chris_lawrence	glenn_hall	zaki
/other/living_thing/animal	fawn	peacock	mink	rats	snakes	camel	crow	fish	deer	parakeets	ants	ducks	crows	toads	cattle	cows	gorillas	chicken	cat	mouse	birds	sheep	cow	horse	warthog	monkey	bears	pups	gazelle	oxen	goat	goats	beagle	cats	reptiles	viper	chimpanzees	hen	bird	calf	horses	pigs	pig	snail	toad	llamas	hawk	bear	mule	tiger	stag	ferret	scorpions	snake	rabbit	mules	lions	mice	bulls	chickens	wolves	bucks	bat	calves	vipers	parrot	hogs	lice	mustangs	dog	dogs	gorilla	butterflies	camels	wolf	ox	donkeys	puppies	swallow	steer
/other/internet	google	blogger	google_maps	wos	delicious	podcasters	podcasts	gmail	podcasting	zdnet	blog	msn	flickr	discogs	bloggers	facebook	google_map	post	blogging	tweeting	bing	google_groups	google_maps_api	blogs	english	google_group
/organization/company/broadcast	itn	national_tv	al-jazeera_tv	television_networks	fox	star_tv	al_jazeera	channel_seven	channels	cbs	nbc	turner	networks	abc	television_network	arab_tv	network_television	closed-circuit_tv	abc_sports	independent_tv	sky_channel	comcast	metromedia	cnn	cnn_headline_news	msnbc	turner_broadcasting	turner_broadcasting_systems	national_television	fx	satellite_channels	atv_news	cctv	global_news	abc_news	tvs_entertainment	taiwan_television	al-arabiya	broadcasting_network	columbia_pictures_entertainment	al-jazeera	tnt	hbo	russia_today	israeli_television	channel_2	vh-1	nickelodeon	turner_broadcasting_system	formosa_television	b92	oregon_public_broadcasting
/other/product/car	sport_utility	minivans	buses	toyota_corolla	suburban	pick-up	focus	compact_cars	lebaron	elan	luxury_cars	motorcycle	hyundai_accent	sedans	recreational_vehicles	subcompact	luxury_sedan	f-series	suv	pickup	jetta	accords	truck	sports_cars	nissan_sentra	hyundai_coupe	vans	suvs	ford_bronco	bus	chevrolet_cavalier	honda_accord	omnibus	chevrolet_caprice	chrysler_lebaron	four-wheel-drive	sonata	sedan	van	convertible	hybrid_car	ford_escort	lincoln_town_car	wagon	honda_fit	motorcycles	trucks	pickups	pontiac_solstice	armored_vehicle	daewoo_lemans	light_trucks	concept_car	ford_festiva	corvettes	toyota_vios	hyundai_elantra
/other/event/holiday	spring_festival	columbus_day	halloween	ramadan	sabbath	valentine	samhain	easter_sunday	eid_al_adha	human_rights_day	lunar_new_year	chinese_new_year	lantern_festival	new_years	labor_day	pentecost	international_human_rights_day	sweetest_day	sabbath_day	christmas	holy_week	yom_kippur	good_friday	christmas_day	passover_bread	pesach	july_fourth	beltane	may_day	rosh_hashanah	remembrance_day	happy_new_year	shabbat	christmas_holiday	hanukkah	steinbach	new_year	new_year_holiday	thanksgiving	eid	memorial_day	christmas_eve
/other/language	en	hebrew	taiwanese_language	japanese_language	pali	arabized	portugese	french_language	basque	in_english	perl	arabic	spanish-language	xml	english-language	eng	greek-speaking	chinese_dialects	germ	spanish_language	classical_chinese	html	southern_drawl	bengali	mandarin	chinese_language	portuguese-language	latin	cantonese	eyak	chinese_characters	portuguese_language	aryans	malay	national_language	aramaic	english_language	tamil	french	southern_fujian_dialect	assemble	php	ruby	ja	sumerian	basics	pilipino	filipino	pig_latin	english	lisp	arabic-language	greek	de	espanol	british_accent	sass	filipino_language	bai
/other/food	cheese	cakes	cereals	grapes	canola	bock	cordial	tea	blood	vodka	wine	mushrooms	juice	fried_chicken	dough	meats	soybean	soy	noodles	milk	toast	soft_drink	eggs	beef	burgers	vegetables	wines	ice	sugar	pudding	beer	cereal	barley	red_delicious	beans	bourbon	rice	raisins	pizza	olive_oil	ream	coffee	oil	wheat	yeast	flour	corn	oils	salmon	fat	chocolate	water	fruit	beers	liver	stout	gin	soft-drink	ketchup	cocoa	bread	vinegar	spices	meat	grains	teas	mustard_seed	whiskey	honey	grain	apples	fruits	cake	steak	salt	egg	chicken_soup
/location/structure/airport	los_angeles_international_airport	ramstein_air_base	regional_airport	sheremetyevo_airport	jiangbei_airport	hong_kong_international_airport	bagram_air_base	o'hare_international_airport	shuangliu_airport	hong_kong_airport	ramstein_air_force_base	shannon_airport	edwards_air_force_base	gaza_airport	van_nuys_airport	san_francisco_international_airport	heathrow_airport	travis_air_force_base	ramstein	heathrow	long_beach_airport	dulles_airport	mccarran_international_airport	saddam_international_airport	o'hare_airport	kennedy_airport	international_airport	richmond_international_airport	reagan_national_airport	baghdad_airport	national_airport	airports	stapleton	laguardia	haneda_airport	area_51	la_guardia_airport	baghdad_international_airport	logan_airport	dover_air_force_base
/location	shandong	egypt	africa	israel	alaska	sichuan	arizona	asian	edom	japan	taiwan	jerusalem	gaza_strip	shanxi	guangdong	mainland_china	moab	asia	gilead	south_carolina	southeast_asia	gath	gaza	hollywood	texas	europe	jiangsu	hainan	wisconsin	middle_east	caesarea	southern	kansas	utah	latin_america	new_jersey	brooklyn	california	oregon	jezreel	mainland	judea	iraq	jiangxi	china	shaanxi	latin_american	hawaii	tennessee	new_mexico	missouri	ohio	massachusetts	west_bank	northern_islands	fujian
/location/geography	zijin_mountain	greenland	south_china_sea	sierra_nevada	lantau_island	sicily	mediterranean	dead_sea	hill_country	everest	pacific_ocean	changjiang	sea	ice_cap	jawa	pacific	bay_area	big_bear	jordan_river	luzon	chesapeake_bay	hudson	james_river	polar_ice_caps	mount_carmel	grand_canal	atlantic_ocean	ireland	yellow_river	persian_gulf	yangtze_river	the_channel	taihang_mountain	taihang	mackenzie_delta	long_island	mount_fuji	ice_caps	fuji	barents_sea	taiwan_strait	atlantic	murray	huai_river	yangtze	aso	suez	euphrates_river	zealand	sakhalin	baltic_sea	indian_ocean	adriatic_sea	minjiang_river	red_sea	suez_canal	euphrates	andes	lake_michigan	ronne_ice_shelf	san_francisco_bay	maui	molokai	victoria_harbor	orange_river	green_island
/person/artist	boris	david_geffen	coen_brothers	suzy_bogguss	pfeiffer	jay	orazio	enright	gorky	roaring_lion	kramers	mark_goodson	pearlman	judy	robert_mann	cho-liang_lin	frank_darling	lizzy	colin_young	guber
/person/military	arafat	ariel_sharon	muawiyah	osama	hassan_nasrallah	castro	peng_dehuai	yamamoto	mussolini	hitler	osama_bin_laden	hun_sen	mubarak	abu_mazen	mcclellan	general_tommy_franks	wolfe	mcnamara	chairman_mao	winfield_scott	chiang_kai-shek	president_mubarak	abu_abbas	fidel_castro	bin_laden	beauregard	stoneman	mao	kaminski	hosni_mubarak	xerxes	titus	jimmy_doolittle	mao_zedong	tommy_franks	mahmoud_abbas	westmoreland	yasser_arafat	stalinist
/person/legal	alito	aharon_barak	clinton	pat_brown	lee_kuan_yew	de_klerk	joe_biden	thatcher	william_donovan	frank_hsieh	samuel_alito	souter	ralph_owen_brewster	elizabeth_weir	scalia	president_clinton	mark_felt	scooter_libby	geraldo	william_cohen	harriet_miers	tim_kaine	joe_lieberman	tony_blair	rudolph_giuliani	john_engler	mcdonnell	richard_nixon	awolowo	mandela	jon_kyl	john_roberts	rehnquist	hillary_rodham	blair	bill_clinton	nader	sarkozy	john_turner	william_rehnquist	william_webster	roh_moo-hyun	rudy_giuliani	mel_carnahan	john_crosbie	giuliani	paul_hackett	mukasey	sam_alito	annette_lu	thomas	bob_taft	adams	biden	hillary_clinton	hillary	panetta	margaret_thatcher	president_roh	lincoln	christopher_cox	ralph_nader	sandra_day_o'connor	nixon
/organization/government	joint_chiefs	state_council	senators	senate	house	knesset	duma	municipality	municipalities	israeli_parliament	dumas	cppcc	central_government	parliamentary	sec	philippine_government	congressional_district	seats	fbi	hud	legislative	judicial_system	npc	lebanese_parliament	federal	legislative_assembly	imperial_government	representatives	budget_director	treasury	roc_government	congressional	the_government	omb	national_committee	parliament	legislators	municipal	congress	government	soviet_parliament	the_state_council	palestinian_authority	judiciary	federal_parliament	federal_bankruptcy_court	yugoslav_parliament	representative	politburo_standing_committee	committees	indian_government	legislature	legislative_yuan	u.s._representative	congressional_districts	macao_government	bankruptcy_court	supreme_court	japanese_government	colonial_administration	saudi	united_nations	israeli_cabinet	the_house	senator	legislative_body	central_politburo	national_assembly	north_korean_government	legislatures	secretary
/person	major	elisabeth	joab	abner	amasa	officials	glad	ananias	tisch	phinehas	cornelius	absalom	sherwin	jesse	barabbas	timothy	ye_ting	king_ahab	chou	uriah	abigail	prince_al-waleed	joseph	bathsheba	cheng	sammy	judas	mary	chairman	benjamin	amnon	jezebel	king	michal	joram	festus	persons	running	lazarus	tan	president	philip	pilate	tamar	jehu	maria	director	ahmed	omri	ahab	margaret	zebedee	menahem	jeroboam	arthur	wong	yang	omar	asahel	dares	naaman	al-hakim	saul
/other/legal	the_protocol	voting_rights_act	human_rights_act	health_care_bill	omnibus_spending_bill	clear_skies_initiative	redress	preclearance	official_secrets_act	employee_retirement_income_security_act	defense_authorization_bill	the_clean_water_act	reform_act	paperwork_reduction_act	rico	health_care_reform	enforcement_act	peace_negotiations	balanced-budget_amendment	cwa	war_powers_act	immigration_quotas	nuclear_nonproliferation_treaty	americans_with_disabilities_act	comprehensive_peace_agreement	north_american_free_trade_agreement	rehabilitation_act	biological_weapons_convention	detainee_treatment_act	fifteenth_amendment	nuclear_test_ban_treaty	capital_gains_tax_cut	enda	abm	payroll_tax	versailles_treaty	clean_air_act	tripartite_agreement	racketeering	enacted	privacy_rights	missile_technology_control_regime	article_six	non-proliferation_treaty	baghdad_pact	section_504	first_amendment	treaty	abm_treaty	safe_harbor	comprehensive_test_ban_treaty	anti-ballistic_missile_treaty	clean_water_act	no_child_left_behind	federal_tort_claims_act	endangered_species	1973_rehabilitation_act
/organization/company/news	al-jazeera_tv	deutsche_welle	voa	newsweekly	al_jazeera	cbs_news	cbs	aol_time_warner	united_press_international	nbc	voa_news	newsweek	news_agency	abc	central_news_agency	new_york_times	bbc_news	bbc	forbes	npr_news	cnn	msnbc	xinhua_news_agency	time-warner	forbes_magazine	news_corp	wall_street_journal	al-jazeera	television_news_magazine	abc_news	news_magazine	npr	the_wall_street_journal	wsj	pearson_plc	times	radio_free_europe	disney	time_warner	washington_post
/location/geograpy	ukraine	achaia	eastern_coast	kuril_islands	virgin_islands	chishima_islands	tennessee	cuban-american	dokdo	coniferous_forests	makin	azores	takeshima	pratas	diaoyu_island	ireland	laos	grenadines	isles	central_asian
